id,数据名,评分,商品满意度,商品分类,标签,浏览量,收藏数,价格,数据规格,评论数,下载数,数据大小,数据格式,数据类型,采集时间
11476,电商价格监控低价监测,5,4.9,数字营销,"['电子商务', '商品信息']",32986,2,0.03,单个数据,2,46,9KB,Excel,文本,2017.01-2017.11
10019,全国通信通讯类企业数据,5,5,企业管理,['企业综合'],33012,2,100,单个数据,0,2,7.1MB,csv,文本,2016.10-2016.10
10913,手机政策新闻2013年,5,5,数字营销,"['新闻资讯', '舆情监测']",25929,0,1.88,单个数据,0,8,24KB,Excel,文本,2013.01-2013.12
11695,游戏公司名录,5,5,企业管理,"['企业工商', '企业图谱']",27876,2,39.9,单个数据,1,2,887KB,xlsx,文本,2018.02-2018.02
10045,国家进口药品数据,5,5,数字营销,['商品信息'],31281,3,150,单个数据,0,0,213KB,csv,文本,2016.08-2016.08
10139,279批次车辆生产企业及新车产品准入...,5,5,交通地理,['位置地图'],27021,0,3,单个数据,0,4,1.4MB,xlsx,文本,2015.11-2015.11
11701,2014年国内企业融资信息,5,5,金融科技,"['投融资', '企业图谱']",26355,2,500,单个数据,0,1,201KB,xlsx,文本,2018.02-2018.02
10018,20092016年全国并购企业,5,5,企业管理,['企业综合'],30750,0,400,单个数据,0,1,270KB,csv,文本,2016.06-2016.06
10021,全国鸡鸭鹅养殖场农业合作社数据,5,5,企业管理,['企业综合'],29056,0,650,单个数据,0,1,302KB,csv,文本,2016.07-2016.07
10024,上海保险经纪人信息数据,5,5,数字营销,['市场调研'],29186,0,50,单个数据,0,2,93KB,xlsx,文本,2016.08-2016.08
11702,2011-2013年国内企业融资信息,5,5,金融科技,"['投融资', '企业图谱']",24002,2,500,单个数据,0,0,187KB,xlsx,文本,2018.02-2018.02
10041,语音唤醒词-中语速,5,5,应用开发,[],28553,0,800,单个数据,0,0,19.5MB,.wav,文本,2016.09-2016.09
10240,全国大学简称,5,5,企业管理,['产业经济'],24372,0,10000,单个数据,0,0,440KB,xlsx,文本,2016.10-2016.12
10042,商品类目图片-T恤衫,5,5,人工智能,['智能识别'],34080,0,1000,单个数据,0,0,166.5MB,jpg jpeg png等,图片,2016.09-2016.09
10047,商品类目图片-短靴,5,5,人工智能,['智能识别'],33099,0,1000,单个数据,0,0,172.3MB,jpg jpeg png等,图片,2016.09-2016.09
10038,语音唤醒词-慢语速,5,5,应用开发,[],24478,0,4160,单个数据,0,0,108.7MB,.wav,文本,2016.09-2016.09
10049,商品类目图片-牛仔裤,5,5,人工智能,['智能识别'],33677,0,1000,单个数据,1,0,140.5MB,jpg jpeg png等,图片,2016.09-2016.09
10684,280批次车辆生产企业及新车产品准入...,5,5,交通地理,[],26367,0,15,单个数据,1,2,1.8MB,xlsx,文本,2015.12-2015.12
10048,商品类目图片-毛呢大衣,5,5,人工智能,['智能识别'],30781,0,1000,单个数据,0,0,150.9MB,jpg jpeg png等,图片,2016.09-2016.09
10050,商品类目图片-休闲裙,5,5,人工智能,['智能识别'],31251,0,1000,单个数据,0,0,261.3MB,jpg jpeg png等,图片,2016.09-2016.09
10039,语音唤醒词-快语速,5,5,应用开发,[],27551,0,800,单个数据,0,0,19.4MB,.wav,文本,2016.09-2016.09
10051,商品类目图片-笔类-含噪音,5,5,人工智能,['智能识别'],28468,0,350,单个数据,0,0,188.6MB,jpg jpeg png等,图片,2016.09-2016.09
10022,全国农业合作社区企业数据,5,5,企业管理,['企业综合'],26971,0,350,单个数据,0,0,439KB,csv,文本,2016.08-2016.08
10023,安徽装饰公司企业信息数据,5,5,企业管理,['企业综合'],26460,0,200,单个数据,0,0,121KB,csv,文本,2016.07-2016.07
10020,安防工程企业数据,5,5,企业管理,['企业综合'],27157,0,500,单个数据,0,0,2.0MB,csv,文本,2016.07-2016.07
10046,安徽GSP认证药店数据,5,5,企业管理,['企业综合'],28888,0,50,单个数据,0,0,61KB,csv,文本,2016.08-2016.08
11697,2017年国内企业融资信息,5,5,企业管理,['经营管理'],23265,1,500,单个数据,0,1,287KB,.xlsx,文本,2018.01-2018.02
11746,金融类对话语料-2500轮-第3批,5,5,金融科技,['智能客服'],26322,1,5000,单个数据,0,1,231KB,.xlsx,文本,2018.04-2018.04
11668,1000轮对话-金融保险类,5,5,人工智能,['智能客服'],43459,0,1000,单个数据,0,2,100KB,excel,文本,2017.12-2018.01
11741,金融类对话语料-2500轮-第4批,5,5,人工智能,['智能客服'],37725,0,5000,单个数据,0,2,226KB,.xlsx,文本,2018.03-2018.04
11598,企业信用 资信 征信报告,5,5,金融科技,['信用评估'],29297,1,2000,单个数据,0,0,571KB,DOC,文本,2015.01-2017.12
10624,第三方支付牌照,5,5,企业管理,"['资质备案', '企业综合']",26486,0,50,单个数据,0,0,155KB,excel,文本,2017.05-2017.05
11684,北京网络科技公司企业数据包10000...,5,5,企业管理,"['企业工商', '企业图谱']",27639,1,280,单个数据,0,0,1.9MB,.xlsx,文本,2018.01-2018.01
10978,最近各银行总行行长董事长名单,5,5,数字营销,['市场调研'],27374,0,10,单个数据,1,0,9KB,.xlsx,文本,2017.08-2017.08
10044,化妆品生产许可获证企业,5,5,数字营销,['市场调研'],30261,0,50,单个数据,0,0,159KB,csv,文本,2016.07-2016.07
10686,282批次车辆生产企业及新车产品准入...,5,5,交通地理,[],25945,0,15,单个数据,0,3,1.1MB,xlsx,文本,2016.02-2016.03
11705,金融类对话语料-2050轮,5,5,人工智能,['智能客服'],37910,0,4100,单个数据,0,2,214KB,xlsx,文本,2018.02-2018.02
10903,房产政策新闻2013年,5,5,数字营销,"['新闻资讯', '舆情监测']",25556,0,3.46,单个数据,0,2,50KB,Excel,文本,2013.01-2013.12
11733,金融类对话语料-2000轮,5,5,人工智能,['智能客服'],42164,0,4000,单个数据,0,1,230KB,.xlsx,文本,2018.03-2018.03
11699,2016年国内企业融资信息,5,5,金融科技,"['投融资', '企业图谱']",29339,0,500,单个数据,0,1,369KB,xlsx,文本,2018.02-2018.02
11747,金融类对话语料-1360轮-第5批,5,5,人工智能,['智能客服'],35854,0,2720,单个数据,0,2,184KB,.xlsx,文本,2018.04-2018.04
11691,上海市二手车企业数据2274条,5,5,企业管理,"['企业工商', '企业图谱']",30463,0,50,单个数据,0,1,329KB,.xlsx,文本,2018.02-2018.02
11248,【杭州市】运动休闲门店位置数据,5,5,交通地理,['位置地图'],30935,0,1800,单个数据,0,1,903KB,xls,文本,2017.01-2017.10
11690,北京市在业幼儿园408条,5,5,企业管理,"['企业工商', '企业图谱']",24308,0,20,单个数据,0,1,74KB,.xlsx,文本,2018.02-2018.02
11700,2015年国内企业融资信息,5,5,企业管理,"['投融资', '企业图谱']",29581,0,500,单个数据,0,2,408KB,xlsx,文本,2018.02-2018.02
11228,【嘉兴市】农林牧渔业位置数据,5,5,交通地理,['位置地图'],27926,0,1200,单个数据,0,0,19KB,xls,文本,2017.01-2017.10
10700,294批次车辆生产企业及新车产品准入...,5,5,交通地理,[],29171,0,15,单个数据,0,0,1.5MB,xlsx,文本,2017.03-2017.03
10697,293批次车辆生产企业及新车产品准入...,5,5,交通地理,[],29794,0,15,单个数据,0,0,1.2MB,xlsx,文本,2017.02-2017.02
10689,285批次车辆生产企业及新车产品准入...,5,5,交通地理,[],30463,0,15,单个数据,0,0,1.8MB,xlsx,文本,2016.05-2016.05
10696,292批次车辆生产企业及新车产品准入...,5,5,交通地理,[],29250,0,15,单个数据,0,0,6.4MB,xlsx,文本,2017.01-2017.01
10685,281批次车辆生产企业及新车产品准入...,5,5,交通地理,[],21673,0,15,单个数据,0,0,1.7MB,xlsx,文本,2016.01-2016.01
10690,286批次车辆生产企业及新车产品准入...,5,5,交通地理,[],31973,0,15,单个数据,0,0,1.5MB,xlsx,文本,2016.06-2016.06
10695,291批次车辆生产企业及新车产品准入...,5,5,交通地理,[],28394,0,15,单个数据,0,0,2.3MB,xlsx,文本,2016.11-2016.11
10692,288批次车辆生产企业及新车产品准入...,5,5,交通地理,[],28313,0,15,单个数据,0,0,4.4MB,xlsx,文本,2016.09-2016.09
10691,287批次车辆生产企业及新车产品准入...,5,5,交通地理,[],23440,0,15,单个数据,0,0,1.5MB,xlsx,文本,2016.08-2016.08
10845,房产行业新闻2014年,5,5,数字营销,"['新闻资讯', '舆情监测']",31001,0,708.16,单个数据,0,0,10.6MB,Excel,文本,2014.01-2014.12
11846,全国银行联行号数据,5,5,金融科技,['银行卡信息'],29086,0,399,单个数据,0,0,3.2MB,csv,文本,-
10933,家具行业新闻2013年,5,5,数字营销,"['新闻资讯', '舆情监测']",23902,0,119.42,单个数据,0,0,2.4MB,Excel,文本,2013.01-2013.12
11070,【杭州市】餐饮门店位置数据,5,5,交通地理,['位置地图'],27391,0,4800,单个数据,0,0,2.8MB,.xls,文本,2017.01-2017.08
10693,289批次车辆生产企业及新车产品准入...,5,5,交通地理,[],29975,0,15,单个数据,0,0,1.7MB,xlsx,文本,2016.09-2016.10
10694,290批次车辆生产企业及新车产品准入...,5,5,交通地理,[],28950,0,15,单个数据,0,0,1.0MB,xlsx,文本,2016.10-2016.11
10687,283批次车辆生产企业及新车产品准入...,5,5,交通地理,[],30761,0,15,单个数据,0,0,1.7MB,xlsx,文本,2016.03-2016.03
11477,电商数据评论定制采集,5,5,数字营销,"['电子商务', '商品信息']",30640,0,3000,单个数据,0,0,9.4MB,Excel,文本,2017.01-2017.11
10688,284批次车辆生产企业及新车产品准入...,5,5,交通地理,[],27171,0,15,单个数据,0,0,1.7MB,xlsx,文本,2016.04-2016.04
10924,旅游政策新闻2016年,5,5,数字营销,"['新闻资讯', '舆情监测']",30424,0,1553.34,单个数据,0,0,14.3MB,Excel,文本,2016.01-2016.12
10916,手机政策新闻2016年,5,5,数字营销,"['新闻资讯', '舆情监测']",25245,0,267.92,单个数据,0,0,1.9MB,Excel,文本,2016.01-2016.12
11603,企业财务数据,5,5,企业管理,"['企业综合', '经营管理', '公告文书']",29573,0,1000,单个数据,0,0,46KB,xlsx,文本,2015.01-2017.12
10921,旅游政策新闻2013年,5,5,数字营销,"['新闻资讯', '舆情监测']",24922,0,52.78,单个数据,0,0,77KB,Excel,文本,2013.01-2013.12
10914,手机政策新闻2014年,5,5,数字营销,"['新闻资讯', '舆情监测']",31571,0,3.24,单个数据,0,0,34KB,Excel,文本,2014.01-2014.12
10923,旅游政策新闻2015年,5,5,数字营销,"['新闻资讯', '舆情监测']",27530,0,1821.16,单个数据,0,0,15.2MB,Excel,文本,2015.01-2015.12
10915,手机政策新闻2015年,5,5,数字营销,"['新闻资讯', '舆情监测']",30333,0,331.72,单个数据,0,0,2.2MB,Excel,文本,2015.01-2015.12
10971,金融政策新闻2016年,5,5,数字营销,"['新闻资讯', '舆情监测']",32049,0,3555.12,单个数据,0,0,27.5MB,Excel,文本,2016.01-2016.12
10922,旅游政策新闻2014年,5,5,数字营销,"['新闻资讯', '舆情监测']",23528,0,13.34,单个数据,0,0,192KB,Excel,文本,2014.01-2014.12
10877,汽车政策新闻2015年,5,5,数字营销,"['新闻资讯', '舆情监测']",28643,0,419.78,单个数据,0,0,2.7MB,Excel,文本,2015.01-2015.12
10836,电商行业新闻2014年,5,5,数字营销,"['新闻资讯', '电子商务', '舆情监测']",27847,0,130.82,单个数据,0,0,5.4MB,Excel,文本,2014.01-2014.12
11072,【嘉兴市】餐饮门店位置数据,5,5,交通地理,['位置地图'],24254,0,2000,单个数据,0,0,1.0MB,.xls,文本,2017.01-2017.08
10875,汽车政策新闻2013年,5,5,数字营销,"['新闻资讯', '舆情监测']",23117,0,1.08,单个数据,0,0,17KB,Excel,文本,2013.01-2013.12
11120,【宁波市】汽车销售及服务门店位置数据,5,5,交通地理,['位置地图'],29339,0,1500,单个数据,0,0,426KB,xls,文本,2017.01-2017.10
10878,汽车政策新闻2016年,5,5,数字营销,"['新闻资讯', '舆情监测']",26526,0,485.58,单个数据,0,0,3.5MB,Excel,文本,2016.01-2016.12
10834,电商政策新闻2016年,5,5,数字营销,"['新闻资讯', '电子商务', '舆情监测']",26520,0,333.54,单个数据,0,0,2.2MB,Excel,文本,2016.01-2016.12
10831,电商政策新闻2013年,5,5,数字营销,"['新闻资讯', '电子商务', '舆情监测']",30874,0,1.34,单个数据,0,0,20KB,Excel,文本,2013.01-2013.12
10943,奶粉政策新闻2016年,5,5,数字营销,"['新闻资讯', '舆情监测']",27845,0,4007.54,单个数据,0,0,42.5MB,Excel,文本,2016.01-2016.12
11061,【宁波市】餐饮门店位置数据,5,5,交通地理,['位置地图'],28797,0,4800,单个数据,0,0,1.5MB,.xls,文本,2017.01-2017.08
10833,电商政策新闻2015年,5,5,数字营销,"['新闻资讯', '电子商务', '舆情监测']",25857,0,561.9,单个数据,0,0,3.7MB,Excel,文本,2015.01-2015.12
11479,电商评价顾客评论数据周,5,5,数字营销,"['电子商务', '商品信息']",24993,0,2000,单个数据,0,0,124KB,Excel,文本,2017.01-2017.11
10970,金融政策新闻2015年,5,5,数字营销,"['新闻资讯', '舆情监测']",30616,0,3963.96,单个数据,0,0,31.6MB,Excel,文本,2015.01-2015.12
10832,电商政策新闻2014年,5,5,数字营销,"['新闻资讯', '电子商务', '舆情监测']",27131,0,6.52,单个数据,0,0,56KB,Excel,文本,2014.01-2014.12
10886,家电政策新闻2016年,5,5,数字营销,"['新闻资讯', '舆情监测']",23454,0,38.38,单个数据,0,0,258KB,Excel,文本,2016.01-2016.12
10948,汽车行业新闻2013年,5,5,数字营销,"['新闻资讯', '舆情监测']",31450,0,191.03,单个数据,0,0,3.7MB,Excel,文本,2013.01-2013.12
10949,汽车行业新闻2014年,5,5,数字营销,"['新闻资讯', '舆情监测']",28743,0,497.04,单个数据,0,0,10.2MB,Excel,文本,2014.01-2014.12
10919,服装行业新闻2015年,5,5,数字营销,"['市场调研', '舆情监测']",22789,0,3447.65,单个数据,0,0,55.8MB,Excel,文本,2015.01-2015.12
10917,服装行业新闻2013年,5,5,数字营销,"['市场调研', '舆情监测']",25918,0,96.87,单个数据,0,0,677KB,Excel,文本,2013.01-2013.12
10838,电商行业新闻2016年,5,5,数字营销,"['新闻资讯', '电子商务', '舆情监测']",25560,0,6361.69,单个数据,0,0,246.9MB,Excel,文本,2016.01-2016.12
10883,家电政策新闻2013年,5,5,数字营销,"['新闻资讯', '舆情监测']",25217,0,0.42,单个数据,0,0,5KB,Excel,文本,2013.01-2013.12
10884,家电政策新闻2014年,5,5,数字营销,"['新闻资讯', '舆情监测']",25145,0,0.48,单个数据,0,0,7KB,Excel,文本,2014.01-2014.12
10969,金融政策新闻2014年,5,5,数字营销,"['新闻资讯', '舆情监测']",28766,0,86.54,单个数据,0,0,998KB,Excel,文本,2014.01-2014.12
11090,【温州市】餐饮门店位置数据,5,5,交通地理,['位置地图'],30723,0,2800,单个数据,0,0,1.4MB,xls,文本,2017.01-2017.10
10848,金融行业新闻2013年,5,5,数字营销,"['新闻资讯', '舆情监测']",25732,0,339.7,单个数据,0,0,4.1MB,Excel,文本,2013.01-2013.12
10837,电商行业新闻2015年,5,5,数字营销,"['新闻资讯', '电子商务', '舆情监测']",28720,0,7459.31,单个数据,0,0,289.9MB,Excel,文本,2015.01-2015.12
10835,电商行业新闻2013年,5,5,数字营销,"['新闻资讯', '电子商务', '舆情监测']",22479,0,30.31,单个数据,0,0,1.4MB,Excel,文本,2013.01-2013.12
10827,建材行业新闻2013年,5,5,数字营销,"['新闻资讯', '舆情监测']",24479,0,139.16,单个数据,0,0,2.8MB,Excel,文本,2013.01-2013.12
10872,服装政策新闻2014年,5,5,数字营销,"['新闻资讯', '舆情监测']",30663,0,0.16,单个数据,0,0,2KB,Excel,文本,2014.01-2014.12
10897,日化政策新闻2015年,5,5,数字营销,"['新闻资讯', '舆情监测']",30735,0,46.76,单个数据,0,0,404KB,Excel,文本,2015.01-2015.12
10920,服装行业新闻2016年,5,5,数字营销,"['市场调研', '舆情监测']",22765,0,2961.61,单个数据,0,0,48.7MB,Excel,文本,2016.01-2016.12
10829,建材行业新闻2015年,5,5,数字营销,"['新闻资讯', '舆情监测']",30326,0,5234.21,单个数据,0,0,124.4MB,Excel,文本,2015.01-2015.12
10954,制酒行业新闻2015年,5,5,数字营销,"['新闻资讯', '舆情监测']",21581,0,4418.89,单个数据,0,0,70.1MB,Excel,文本,2015.01-2015.12
10942,奶粉政策新闻2015年,5,5,数字营销,"['新闻资讯', '舆情监测']",27314,0,4479.46,单个数据,0,0,42.0MB,Excel,文本,2015.01-2015.12
10927,航空政策新闻2015年,5,5,数字营销,"['新闻资讯', '舆情监测']",22344,0,488.6,单个数据,0,0,3.1MB,Excel,文本,2015.01-2015.12
11081,【台州市】母婴用品店铺位置数据,5,5,交通地理,['位置地图'],23371,0,1000,单个数据,0,0,647KB,xls,文本,2017.01-2017.10
10952,制酒行业新闻2013年,5,5,数字营销,"['新闻资讯', '舆情监测']",24947,0,103.95,单个数据,0,0,1.6MB,Excel,文本,2013.01-2013.12
10876,汽车政策新闻2014年,5,5,数字营销,"['新闻资讯', '舆情监测']",25682,0,6.26,单个数据,0,0,62KB,Excel,文本,2014.01-2014.12
10850,金融行业新闻2015年,5,5,数字营销,"['新闻资讯', '舆情监测']",26907,0,43203.02,单个数据,0,0,334.5MB,Excel,文本,2015.01-2015.12
10874,服装政策新闻2016年,5,5,数字营销,"['新闻资讯', '舆情监测']",29432,0,14.48,单个数据,0,0,106KB,Excel,文本,2016.01-2016.12
10902,制酒政策新闻2016年,5,5,数字营销,"['新闻资讯', '舆情监测']",30106,0,3795.7,单个数据,0,0,41.4MB,Excel,文本,2016.01-2016.12
10967,建材政策新闻2016年,5,5,数字营销,"['新闻资讯', '舆情监测']",31041,0,42.8,单个数据,0,0,342KB,Excel,文本,2016.01-2016.12
10934,家具行业新闻2014年,5,5,数字营销,"['新闻资讯', '舆情监测']",22357,0,230.53,单个数据,0,0,5.0MB,Excel,文本,2014.01-2014.12
10885,家电政策新闻2015年,5,5,数字营销,"['新闻资讯', '舆情监测']",28096,0,48.14,单个数据,0,0,318KB,Excel,文本,2015.01-2015.12
10906,房产政策新闻2016年,5,5,数字营销,"['新闻资讯', '舆情监测']",30329,0,1715.34,单个数据,0,0,9.0MB,Excel,文本,2016.01-2016.12
11480,电商顾客评价评论数据,5,5,数字营销,"['电子商务', '商品信息']",26369,0,3000,单个数据,0,0,124KB,Excel,文本,2017.01-2017.11
10890,手机行业新闻2016年,5,5,数字营销,"['新闻资讯', '舆情监测']",24272,0,2474.23,单个数据,0,0,39.0MB,Excel,文本,2016.01-2016.12
10828,建材行业新闻2014年,5,5,数字营销,"['新闻资讯', '舆情监测']",22832,0,221.08,单个数据,0,0,4.5MB,Excel,文本,2014.01-2014.12
10873,服装政策新闻2015年,5,5,数字营销,"['新闻资讯', '舆情监测']",28203,0,16.28,单个数据,0,0,111KB,Excel,文本,2015.01-2015.12
10898,日化政策新闻2016年,5,5,数字营销,"['新闻资讯', '舆情监测']",21616,0,60.88,单个数据,0,0,528KB,Excel,文本,2016.01-2016.12
10968,金融政策新闻2013年,5,5,数字营销,"['新闻资讯', '舆情监测']",30904,0,12.28,单个数据,0,0,187KB,Excel,文本,2013.01-2013.12
10959,医药政策新闻2016年,5,5,数字营销,"['新闻资讯', '舆情监测']",27764,0,463.6,单个数据,0,0,3.9MB,Excel,文本,2016.01-2016.12
11648,中文对英文翻译平行语料10万条,5,5,人工智能,['智能客服'],39454,0,2000,单个数据,0,0,20.6MB,.txt,文本,2018.01-2018.01
10888,手机行业新闻2014年,5,5,数字营销,"['新闻资讯', '舆情监测']",30671,0,100.27,单个数据,0,0,1.3MB,Excel,文本,2014.01-2014.12
10889,手机行业新闻2015年,5,5,数字营销,"['新闻资讯', '舆情监测']",26940,0,1981.64,单个数据,0,0,30.7MB,Excel,文本,2015.01-2015.12
10849,金融行业新闻2014年,5,5,数字营销,"['新闻资讯', '舆情监测']",29210,0,1165.71,单个数据,0,0,17.8MB,Excel,文本,2014.01-2014.12
10904,房产政策新闻2014年,5,5,数字营销,"['新闻资讯', '舆情监测']",30040,0,33.76,单个数据,0,0,318KB,Excel,文本,2014.01-2014.12
10958,医药政策新闻2015年,5,5,数字营销,"['新闻资讯', '舆情监测']",21962,0,865.98,单个数据,0,0,4.1MB,Excel,文本,2015.01-2015.12
10962,家电行业新闻2015年,5,5,数字营销,"['新闻资讯', '舆情监测']",27722,0,6183.4,单个数据,0,0,153.0MB,Excel,文本,2015.01-2015.12
10945,家具政策新闻2014年,5,5,数字营销,"['新闻资讯', '舆情监测']",27203,0,8.3,单个数据,0,0,111KB,Excel,文本,2014.01-2014.12
10935,家具行业新闻2015年,5,5,数字营销,"['新闻资讯', '舆情监测']",30205,0,5579.88,单个数据,0,0,133.8MB,Excel,文本,2015.01-2015.12
11073,【杭州市】母婴用品店铺位置数据,5,5,交通地理,['位置地图'],25389,0,2800,单个数据,0,0,1.2MB,xls,文本,2017.01-2017.10
10894,医药行业新闻2016年,5,5,数字营销,"['新闻资讯', '舆情监测']",30514,0,5905.72,单个数据,0,0,89.2MB,Excel,文本,2016.01-2016.12
10882,旅游行业新闻2016年,5,5,数字营销,"['新闻资讯', '舆情监测']",22670,0,21979.6,单个数据,0,0,200.1MB,Excel,文本,2016.01-2016.12
10899,制酒政策新闻2013年,5,5,数字营销,"['新闻资讯', '舆情监测']",28204,0,511.52,单个数据,0,0,880KB,Excel,文本,2013.01-2013.12
10895,日化政策新闻2013年,5,5,数字营销,"['新闻资讯', '舆情监测']",28238,0,0.78,单个数据,0,0,7KB,Excel,文本,2013.01-2013.12
10918,服装行业新闻2014年,5,5,数字营销,"['市场调研', '舆情监测']",31387,0,188.9,单个数据,0,0,2.4MB,Excel,文本,2014.01-2014.12
10950,汽车行业新闻2015年,5,5,数字营销,"['新闻资讯', '舆情监测']",21878,0,17163.89,单个数据,0,0,174.5MB,Excel,文本,2015.01-2015.12
10862,奶粉行业新闻2013年,5,5,数字营销,"['新闻资讯', '舆情监测']",30782,0,68.14,单个数据,0,0,657KB,Excel,文本,2013.01-2013.12
10871,服装政策新闻2013年,5,5,数字营销,"['新闻资讯', '舆情监测']",26684,0,0.24,单个数据,0,0,3KB,Excel,文本,2013.01-2013.12
10900,制酒政策新闻2014年,5,5,数字营销,"['新闻资讯', '舆情监测']",21813,0,259.98,单个数据,0,0,1.5MB,Excel,文本,2014.01-2014.12
10964,建材政策新闻2013年,5,5,数字营销,"['新闻资讯', '舆情监测']",26534,0,0.16,单个数据,0,0,3KB,Excel,文本,2013.01-2013.12
10966,建材政策新闻2015年,5,5,数字营销,"['新闻资讯', '舆情监测']",31746,0,34.74,单个数据,0,0,251KB,Excel,文本,2015.01-2015.12
10963,家电行业新闻2016年,5,5,数字营销,"['新闻资讯', '舆情监测']",29667,0,6663.32,单个数据,0,0,163.0MB,Excel,文本,2016.01-2016.12
10960,家电行业新闻2013年,5,5,数字营销,"['新闻资讯', '舆情监测']",22365,0,110.45,单个数据,0,0,2.2MB,Excel,文本,2013.01-2013.12
10946,家具政策新闻2015年,5,5,数字营销,"['新闻资讯', '舆情监测']",30991,0,612.22,单个数据,0,0,6.6MB,Excel,文本,2015.01-2015.12
10880,旅游行业新闻2014年,5,5,数字营销,"['新闻资讯', '舆情监测']",28009,0,432.87,单个数据,0,0,6.4MB,Excel,文本,2014.01-2014.12
10855,日化行业新闻2016年,5,5,数字营销,"['新闻资讯', '舆情监测']",25738,0,1217.21,单个数据,0,0,44.6MB,Excel,文本,2016.01-2016.12
10830,建材行业新闻2016年,5,5,数字营销,"['新闻资讯', '舆情监测']",24098,0,5678.38,单个数据,0,0,135.5MB,Excel,文本,2016.01-2016.12
10891,医药行业新闻2013年,5,5,数字营销,"['新闻资讯', '舆情监测']",24310,0,220.91,单个数据,0,0,1.3MB,Excel,文本,2013.01-2013.12
10865,奶粉行业新闻2016年,5,5,数字营销,"['新闻资讯', '舆情监测']",23755,0,1873.32,单个数据,0,0,25.6MB,Excel,文本,2016.01-2016.12
10853,日化行业新闻2014年,5,5,数字营销,"['新闻资讯', '舆情监测']",26170,0,59.97,单个数据,0,0,1.7MB,Excel,文本,2014.01-2014.12
10868,航空行业新闻2015年,5,5,数字营销,"['新闻资讯', '舆情监测']",27698,0,8308.06,单个数据,0,0,124.3MB,Excel,文本,2015.01-2015.12
10866,航空行业新闻2013年,5,5,数字营销,"['新闻资讯', '舆情监测']",21704,0,32.54,单个数据,0,0,635KB,Excel,文本,2013.01-2013.12
10947,家具政策新闻2016年,5,5,数字营销,"['新闻资讯', '舆情监测']",29434,0,739.04,单个数据,0,0,8.2MB,Excel,文本,2016.01-2016.12
10944,家具政策新闻2013年,5,5,数字营销,"['新闻资讯', '舆情监测']",23116,0,2.6,单个数据,0,0,42KB,Excel,文本,2013.01-2013.12
10925,航空政策新闻2013年,5,5,数字营销,"['新闻资讯', '舆情监测']",28247,0,1.4,单个数据,0,0,20KB,Excel,文本,2013.01-2013.12
10936,家具行业新闻2016年,5,5,数字营销,"['新闻资讯', '舆情监测']",25836,0,5395.16,单个数据,0,0,130.1MB,Excel,文本,2016.01-2016.12
11141,【宁波市】教育文化门店位置数据,5,5,交通地理,['位置地图'],26513,0,1800,单个数据,0,0,545KB,xls,文本,2017.01-2017.10
10892,医药行业新闻2014年,5,5,数字营销,"['新闻资讯', '舆情监测']",29266,0,345.88,单个数据,0,0,3.3MB,Excel,文本,2014.01-2014.12
10887,手机行业新闻2013年,5,5,数字营销,"['新闻资讯', '舆情监测']",24756,0,18.54,单个数据,0,0,319KB,Excel,文本,2013.01-2013.12
10867,航空行业新闻2014年,5,5,数字营销,"['新闻资讯', '舆情监测']",22458,0,162.24,单个数据,0,0,2.6MB,Excel,文本,2014.01-2014.12
10896,日化政策新闻2014年,5,5,数字营销,"['新闻资讯', '舆情监测']",26200,0,1.4,单个数据,0,0,19KB,Excel,文本,2014.01-2014.12
10957,医药政策新闻2014年,5,5,数字营销,"['新闻资讯', '舆情监测']",24628,0,37.86,单个数据,0,0,167KB,Excel,文本,2014.01-2014.12
10926,航空政策新闻2014年,5,5,数字营销,"['新闻资讯', '舆情监测']",25759,0,9.36,单个数据,0,0,89KB,Excel,文本,2014.01-2014.12
10893,医药行业新闻2015年,5,5,数字营销,"['新闻资讯', '舆情监测']",30390,0,6426.63,单个数据,0,0,88.5MB,Excel,文本,2015.01-2015.12
10941,奶粉政策新闻2014年,5,5,数字营销,"['新闻资讯', '舆情监测']",26424,0,260.38,单个数据,0,0,1.5MB,Excel,文本,2014.01-2014.12
10940,奶粉政策新闻2013年,5,5,数字营销,"['新闻资讯', '舆情监测']",26993,0,512.48,单个数据,0,0,900KB,Excel,文本,2013.01-2013.12
10955,制酒行业新闻2016年,5,5,数字营销,"['新闻资讯', '舆情监测']",23599,0,4567.71,单个数据,0,0,70.0MB,Excel,文本,2016.01-2016.12
10851,金融行业新闻2016年,5,5,数字营销,"['新闻资讯', '舆情监测']",25340,0,42601.46,单个数据,0,0,342.2MB,Excel,文本,2016.01-2016.12
10869,航空行业新闻2016年,5,5,数字营销,"['新闻资讯', '舆情监测']",31126,0,8275.3,单个数据,0,0,128.6MB,Excel,文本,2016.01-2016.12
10846,房产行业新闻2015年,5,5,数字营销,"['新闻资讯', '舆情监测']",21951,0,32980.32,单个数据,0,0,199.5MB,Excel,文本,2015.01-2015.12
10854,日化行业新闻2015年,5,5,数字营销,"['新闻资讯', '舆情监测']",29074,0,1110.22,单个数据,0,0,38.8MB,Excel,文本,2015.01-2015.12
10901,制酒政策新闻2015年,5,5,数字营销,"['新闻资讯', '舆情监测']",30899,0,4466.68,单个数据,0,0,42.1MB,Excel,文本,2015.01-2015.12
10956,医药政策新闻2013年,5,5,数字营销,"['新闻资讯', '舆情监测']",31778,0,33.08,单个数据,0,0,97KB,Excel,文本,2013.01-2013.12
11086,【丽水市】餐饮门店位置数据,5,5,交通地理,['位置地图'],25669,0,2000,单个数据,0,0,307KB,xls,文本,2017.01-2017.10
10953,制酒行业新闻2014年,5,5,数字营销,"['新闻资讯', '舆情监测']",29655,0,186.17,单个数据,0,0,2.9MB,Excel,文本,2014.01-2014.12
11082,【温州市】母婴用品店铺位置数据,5,5,交通地理,['位置地图'],22907,0,1200,单个数据,0,0,1.2MB,xls,文本,2017.01-2017.10
11088,【绍兴市】餐饮门店位置数据,5,5,交通地理,['位置地图'],29209,0,2800,单个数据,0,0,771KB,xls,文本,2017.01-2017.10
10847,房产行业新闻2016年,5,5,数字营销,"['新闻资讯', '舆情监测']",25447,0,34945.07,单个数据,0,0,201.8MB,Excel,文本,2016.01-2016.12
11119,【丽水市】汽车销售及服务门店位置数据,5,5,交通地理,['位置地图'],27386,0,1200,单个数据,0,0,85KB,xls,文本,2017.01-2017.10
10881,旅游行业新闻2015年,5,5,数字营销,"['新闻资讯', '舆情监测']",24367,0,19926.06,单个数据,0,0,173.7MB,Excel,文本,2015.01-2015.12
11078,【宁波市】母婴用品店铺位置数据,5,5,交通地理,['位置地图'],24397,0,2800,单个数据,0,0,867KB,xls,文本,2017.01-2017.10
10852,日化行业新闻2013年,5,5,数字营销,"['新闻资讯', '舆情监测']",30655,0,56.43,单个数据,0,0,935KB,Excel,文本,2013.01-2013.12
11085,【金华市】餐饮门店位置数据,5,5,交通地理,['位置地图'],27173,0,2000,单个数据,0,0,1.4MB,xls,文本,2017.01-2017.10
10951,汽车行业新闻2016年,5,5,数字营销,"['新闻资讯', '舆情监测']",22011,0,17608.85,单个数据,0,0,151.4MB,Excel,文本,2016.01-2016.12
11116,【湖州市】汽车销售及服务门店位置数据,5,5,交通地理,['位置地图'],22356,0,1200,单个数据,0,0,174KB,xls,文本,2017.01-2017.10
11089,【台州市】餐饮门店位置数据,5,5,交通地理,['位置地图'],24005,0,2000,单个数据,0,0,822KB,xls,文本,2017.01-2017.10
11084,【湖州市】餐饮门店位置数据,5,5,交通地理,['位置地图'],30060,0,2000,单个数据,0,0,625KB,xls,文本,2017.01-2017.10
10864,奶粉行业新闻2015年,5,5,数字营销,"['新闻资讯', '舆情监测']",25364,0,1752.66,单个数据,0,0,24.4MB,Excel,文本,2015.01-2015.12
10844,房产行业新闻2013年,5,5,数字营销,"['新闻资讯', '舆情监测']",22002,0,292.82,单个数据,0,0,3.4MB,Excel,文本,2013.01-2013.12
10965,建材政策新闻2014年,5,5,数字营销,"['新闻资讯', '舆情监测']",22169,0,0.38,单个数据,0,0,6KB,Excel,文本,2014.01-2014.12
10928,航空政策新闻2016年,5,5,数字营销,"['新闻资讯', '舆情监测']",27423,0,533.04,单个数据,0,0,3.7MB,Excel,文本,2016.01-2016.12
11682,中文对俄语翻译平行语料10万条,5,5,人工智能,['智能客服'],34269,0,3000,单个数据,2,0,14.2MB,.csv,文本,2018.01-2018.01
10879,旅游行业新闻2013年,5,5,数字营销,"['新闻资讯', '舆情监测']",22291,0,143.48,单个数据,0,0,1.9MB,Excel,文本,2013.01-2013.12
10863,奶粉行业新闻2014年,5,5,数字营销,"['新闻资讯', '舆情监测']",22107,0,63.06,单个数据,0,0,1.0MB,Excel,文本,2014.01-2014.12
11087,【衢州市】餐饮门店位置数据,5,5,交通地理,['位置地图'],25377,0,2000,单个数据,0,0,334KB,xls,文本,2017.01-2017.10
11115,【杭州市】汽车销售及服务门店位置数据,5,5,交通地理,['位置地图'],31092,0,1800,单个数据,0,0,614KB,xls,文本,2017.01-2017.10
10905,房产政策新闻2015年,5,5,数字营销,"['新闻资讯', '舆情监测']",21857,0,1686,单个数据,0,0,11.7MB,Excel,文本,2015.01-2015.12
11079,【衢州市】母婴用品店铺位置数据,5,5,交通地理,['位置地图'],24805,0,1000,单个数据,0,0,171KB,xls,文本,2017.01-2017.10
11091,【舟山市】餐饮门店位置数据,5,5,交通地理,['位置地图'],26314,0,2000,单个数据,0,0,156KB,xls,文本,2017.01-2017.10
11080,【绍兴市】母婴用品店铺位置数据,5,5,交通地理,['位置地图'],24226,0,1200,单个数据,0,0,409KB,xls,文本,2017.01-2017.10
11077,【丽水市】母婴用品店铺位置数据,5,5,交通地理,['位置地图'],25748,0,1000,单个数据,0,0,217KB,xls,文本,2017.01-2017.10
11075,【嘉兴市】母婴用品店铺位置数据,5,5,交通地理,['位置地图'],26491,0,1200,单个数据,0,0,691KB,xls,文本,2017.01-2017.10
11076,【金华市】母婴用品店铺位置数据,5,5,交通地理,['位置地图'],25093,0,1200,单个数据,0,0,643KB,xls,文本,2017.01-2017.10
11100,【台州市】住宿门店位置数据,5,5,交通地理,['位置地图'],29303,0,1000,单个数据,0,0,308KB,xls,文本,2017.01-2017.10
11201,【台州市】金融保险门店位置数据,5,5,交通地理,['位置地图'],27763,0,1000,单个数据,0,0,300KB,xls,文本,2017.01-2017.10
11118,【金华市】汽车销售及服务门店位置数据,5,5,交通地理,['位置地图'],27161,0,1200,单个数据,0,0,522KB,xls,文本,2017.01-2017.10
10961,家电行业新闻2014年,5,5,数字营销,"['新闻资讯', '舆情监测']",28923,0,191,单个数据,0,0,4.3MB,Excel,文本,2014.01-2014.12
11106,【金华市】公司企业位置数据,5,5,交通地理,['位置地图'],29852,0,1000,单个数据,0,0,1.6MB,xls,文本,2017.01-2017.10
11138,【嘉兴市】教育文化门店位置数据,5,5,交通地理,['位置地图'],27673,0,1200,单个数据,0,0,278KB,xls,文本,2017.01-2017.10
11083,【舟山市】母婴用品店铺位置数据,5,5,交通地理,['位置地图'],27867,0,1000,单个数据,0,0,61KB,xls,文本,2017.01-2017.10
11698,手机号码归属表,5,5,人工智能,[],23740,0,39.9,单个数据,0,0,2.8MB,xlsx,文本,2018.02-2018.02
11074,【湖州市】母婴用品店铺位置数据,5,5,交通地理,['位置地图'],30734,0,1200,单个数据,0,0,332KB,xls,文本,2017.10-2017.10
11125,【舟山市】汽车销售及服务门店位置数据,5,5,交通地理,['位置地图'],21827,0,1200,单个数据,0,0,27KB,xls,文本,2017.01-2017.10
11117,【嘉兴市】汽车销售及服务门店位置数据,5,5,交通地理,['位置地图'],25717,0,1200,单个数据,0,0,281KB,xls,文本,2017.01-2017.10
11680,中文对印度尼西亚翻译平行语料10万条,5,5,人工智能,['智能客服'],31775,0,4000,单个数据,0,0,7.4MB,.csv,文本,2018.01-2018.01
11103,【杭州市】公司企业位置数据,5,5,交通地理,['位置地图'],26990,0,2600,单个数据,0,0,3.4MB,xls,文本,2017.01-2017.10
11146,【舟山市】教育文化门店位置数据,5,5,交通地理,['位置地图'],23870,0,1000,单个数据,0,0,48KB,xls,文本,2017.01-2017.10
11136,【杭州市】教育文化门店位置数据,5,5,交通地理,['位置地图'],26501,0,1900,单个数据,0,0,929KB,xls,文本,2017.01-2017.10
11124,【温州市】汽车销售及服务门店位置数据,5,5,交通地理,['位置地图'],23389,0,1200,单个数据,0,0,346KB,xls,文本,2017.01-2017.10
11144,【台州市】教育文化门店位置数据,5,5,交通地理,['位置地图'],23447,0,1000,单个数据,0,0,323KB,xls,文本,2017.01-2017.10
11121,【衢州市】汽车销售及服务门店位置数据,5,5,交通地理,['位置地图'],29242,0,1200,单个数据,0,0,135KB,xls,文本,2017.01-2017.10
11782,金融类10轮对话语料_2500轮_第...,5,5,人工智能,['智能客服'],31993,0,5000,单个数据,0,0,295KB,.xlsx,文本,2018.05-2018.05
11132,【绍兴市】批发零售门店位置数据,5,5,交通地理,['位置地图'],28702,0,1300,单个数据,0,0,2.1MB,xls,文本,2017.01-2017.10
11199,【衢州市】金融保险门店位置数据,5,5,交通地理,['位置地图'],23806,0,1000,单个数据,0,0,125KB,xls,文本,2017.01-2017.10
11853,全国大学院校资料,5,5,生活服务,['app应用'],30329,0,2000,单个数据,0,0,5.8MB,"sql,jpg,png,jpeg等",文本,2018.09-2018.09
11123,【台州市】汽车销售及服务门店位置数据,5,5,交通地理,['位置地图'],26499,0,1200,单个数据,0,0,274KB,xls,文本,2017.01-2017.10
11122,【绍兴市】汽车销售及服务门店位置数据,5,5,交通地理,['位置地图'],22458,0,1200,单个数据,0,0,256KB,xls,文本,2017.01-2017.10
11101,【温州市】住宿门店位置数据,5,5,交通地理,['位置地图'],30349,0,1000,单个数据,0,0,501KB,xls,文本,2017.01-2017.10
11108,【宁波市】公司企业位置数据,5,5,交通地理,['位置地图'],27690,0,2200,单个数据,0,0,2.9MB,xls,文本,2017.01-2017.10
11104,【湖州市】公司企业位置数据,5,5,交通地理,['位置地图'],22467,0,1300,单个数据,0,0,778KB,xls,文本,2017.01-2017.10
11226,【杭州市】农林牧渔业位置数据,5,5,交通地理,['位置地图'],30814,0,1800,单个数据,0,0,36KB,xls,文本,2017.01-2017.10
11170,【杭州市】公共设施位置数据,5,5,交通地理,['位置地图'],31179,0,1800,单个数据,0,0,741KB,xls,文本,2017.01-2017.10
11140,【丽水市】教育文化门店位置数据,5,5,交通地理,['位置地图'],23612,0,1000,单个数据,0,0,110KB,xls,文本,2017.01-2017.10
11232,【衢州市】农林牧渔业位置数据,5,5,交通地理,['位置地图'],26660,0,1000,单个数据,0,0,13KB,xls,文本,2017.01-2017.10
11224,【温州市】科研及技术服务门店位置数据,5,5,交通地理,['位置地图'],25756,0,1000,单个数据,0,0,16KB,xls,文本,2017.01-2017.10
11214,【舟山市】居民服务门店位置数据,5,5,交通地理,['位置地图'],25903,0,1000,单个数据,0,0,128KB,xls,文本,2017.01-2017.10
11178,【台州市】公共设施位置数据,5,5,交通地理,['位置地图'],22833,0,1000,单个数据,0,0,383KB,xls,文本,2017.01-2017.10
11151,【丽水市】商业设施商务服务门店位置数...,5,5,交通地理,['位置地图'],29686,0,1000,单个数据,0,0,67KB,xls,文本,2017.01-2017.10
11143,【绍兴市】教育文化门店位置数据,5,5,交通地理,['位置地图'],28066,0,1500,单个数据,0,0,260KB,xls,文本,2017.01-2017.10
11255,【绍兴市】运动休闲门店位置数据,5,5,交通地理,['位置地图'],29517,0,1200,单个数据,0,0,261KB,xls,文本,2017.01-2017.10
11246,【温州市】卫生社保门店位置数据,5,5,交通地理,['位置地图'],28046,0,1000,单个数据,0,0,323KB,xls,文本,2017.01-2017.10
11251,【金华市】运动休闲门店位置数据,5,5,交通地理,['位置地图'],23020,0,1000,单个数据,0,0,374KB,xls,文本,2017.01-2017.10
11215,【杭州市】科研及技术服务门店位置数据,5,5,交通地理,['位置地图'],30799,0,2000,单个数据,0,0,82KB,xls,文本,2017.01-2017.10
11202,【温州市】金融保险门店位置数据,5,5,交通地理,['位置地图'],21629,0,1200,单个数据,0,0,385KB,xls,文本,2017.01-2017.10
11182,【湖州市】交通运输仓储位置数据,5,5,交通地理,['位置地图'],30640,0,1200,单个数据,0,0,251KB,xls,文本,2017.01-2017.10
11176,【衢州市】公共设施位置数据,5,5,交通地理,['位置地图'],25990,0,1000,单个数据,0,0,182KB,xls,文本,2017.01-2017.10
11148,【湖州市】商业设施商务服务门店位置数...,5,5,交通地理,['位置地图'],28129,0,1200,单个数据,0,0,110KB,xls,文本,2017.01-2017.10
11145,【温州市】教育文化门店位置数据,5,5,交通地理,['位置地图'],28298,0,1200,单个数据,0,0,479KB,xls,文本,2017.01-2017.10
11126,【湖州市】批发零售门店位置数据,5,5,交通地理,['位置地图'],21868,0,1200,单个数据,0,0,1.6MB,xls,文本,2017.01-2017.10
11253,【宁波市】运动休闲门店位置数据,5,5,交通地理,['位置地图'],21441,0,1600,单个数据,0,0,544KB,xls,文本,2017.01-2017.10
11250,【嘉兴市】运动休闲门店位置数据,5,5,交通地理,['位置地图'],27038,0,1200,单个数据,0,0,338KB,xls,文本,2017.01-2017.10
11230,【丽水市】农林牧渔业位置数据,5,5,交通地理,['位置地图'],21398,0,1000,单个数据,0,0,3KB,xls,文本,2017.01-2017.10
11220,【宁波市】科研及技术服务门店位置数据,5,5,交通地理,['位置地图'],28355,0,2000,单个数据,0,0,23KB,xls,文本,2017.01-2017.10
11184,【金华市】交通运输仓储位置数据,5,5,交通地理,['位置地图'],24129,0,1000,单个数据,0,0,468KB,xls,文本,2017.01-2017.10
11703,1993-2010年国内企业融资信息,5,5,金融科技,"['投融资', '企业图谱']",28919,0,500,单个数据,0,0,123KB,xlsx,文本,2018.02-2018.02
11671,中文对西拔牙翻译平行语料10万条,5,5,人工智能,['智能客服'],32631,0,4000,单个数据,0,0,11.7MB,.txt,文本,2018.01-2018.01
11130,【宁波市】批发零售门店位置数据,5,5,交通地理,['位置地图'],25539,0,1500,单个数据,0,0,3.6MB,xls,文本,2017.01-2017.10
11233,【绍兴市】农林牧渔业位置数据,5,5,交通地理,['位置地图'],28610,0,1200,单个数据,0,0,5KB,xls,文本,2017.01-2017.10
11213,【温州市】居民服务门店位置数据,5,5,交通地理,['位置地图'],26399,0,1000,单个数据,0,0,1.2MB,xls,文本,2017.01-2017.10
11187,【衢州市】交通运输仓储位置数据,5,5,交通地理,['位置地图'],25640,0,1000,单个数据,0,0,137KB,xls,文本,2017.01-2017.10
11670,中文对德语翻译平行语料10万条,5,5,人工智能,['智能客服'],40748,0,4000,单个数据,0,0,5.4MB,.txt,文本,2018.01-2018.01
11137,【湖州市】教育文化门店位置数据,5,5,交通地理,['位置地图'],29140,0,1200,单个数据,0,0,157KB,xls,文本,2017.01-2017.10
11134,【温州市】批发零售门店位置数据,5,5,交通地理,['位置地图'],21520,0,1200,单个数据,0,0,3.9MB,xls,文本,2017.01-2017.10
11985,金融对话语料10轮―2050轮,5,5,人工智能,['智能客服'],29112,0,4100,单个数据,0,0,213KB,.xlsx,文本,2019.11-2019.11
11990,金融聊天语料10轮-1360轮,5,5,人工智能,['智能客服'],30491,0,2720,单个数据,0,0,184KB,xlsx,文本,2019.12-2019.12
11113,【舟山市】公司企业位置数据,5,5,交通地理,['位置地图'],23681,0,1000,单个数据,0,0,167KB,xls,文本,2017.01-2017.10
11152,【宁波市】商业设施商务服务门店位置数...,5,5,交通地理,['位置地图'],21735,0,1800,单个数据,0,0,318KB,xls,文本,2017.01-2017.10
11147,【杭州市】商业设施商务服务门店位置数...,5,5,交通地理,['位置地图'],23169,0,1800,单个数据,0,0,716KB,xls,文本,2017.01-2017.10
11142,【衢州市】教育文化门店位置数据,5,5,交通地理,['位置地图'],28105,0,1000,单个数据,0,0,119KB,xls,文本,2017.01-2017.10
11239,【嘉兴市】卫生社保门店位置数据,5,5,交通地理,['位置地图'],23815,0,1200,单个数据,0,0,144KB,xls,文本,2017.01-2017.10
11227,【湖州市】农林牧渔业位置数据,5,5,交通地理,['位置地图'],26792,0,1200,单个数据,0,0,20KB,xls,文本,2017.01-2017.10
11181,【杭州市】交通运输仓储位置数据,5,5,交通地理,['位置地图'],29777,0,1800,单个数据,0,0,1.2MB,xls,文本,2017.01-2017.10
11185,【丽水市】交通运输仓储位置数据,5,5,交通地理,['位置地图'],22565,0,1000,单个数据,0,0,132KB,xls,文本,2017.01-2017.10
11173,【金华市】公共设施位置数据,5,5,交通地理,['位置地图'],23434,0,1000,单个数据,0,0,444KB,xls,文本,2017.01-2017.10
11987,金融对话语料10轮_2000轮,5,5,人工智能,['智能客服'],33379,0,4000,单个数据,0,0,228KB,.xlsx,文本,2019.12-2019.12
11107,【丽水市】公司企业位置数据,5,5,交通地理,['位置地图'],25306,0,1000,单个数据,0,0,258KB,xls,文本,2017.01-2017.10
11155,【台州市】商业设施商务服务门店位置数...,5,5,交通地理,['位置地图'],30333,0,1000,单个数据,0,0,193KB,xls,文本,2017.01-2017.10
11112,【温州市】公司企业位置数据,5,5,交通地理,['位置地图'],23043,0,1300,单个数据,0,0,1.3MB,xls,文本,2017.01-2017.10
11135,【舟山市】批发零售门店位置数据,5,5,交通地理,['位置地图'],29478,0,1200,单个数据,0,0,301KB,xls,文本,2017.01-2017.10
11139,【金华市】教育文化门店位置数据,5,5,交通地理,['位置地图'],31218,0,1000,单个数据,0,0,494KB,xls,文本,2017.01-2017.10
11249,【湖州市】运动休闲门店位置数据,5,5,交通地理,['位置地图'],30153,0,1200,单个数据,0,0,236KB,xls,文本,2017.01-2017.10
11235,【温州市】农林牧渔业位置数据,5,5,交通地理,['位置地图'],25077,0,1000,单个数据,0,0,5KB,xls,文本,2017.01-2017.10
11203,【舟山市】金融保险门店位置数据,5,5,交通地理,['位置地图'],30431,0,1000,单个数据,0,0,72KB,xls,文本,2017.01-2017.10
11177,【绍兴市】公共设施位置数据,5,5,交通地理,['位置地图'],24205,0,1200,单个数据,0,0,280KB,xls,文本,2017.01-2017.10
11105,【嘉兴市】公司企业位置数据,5,5,交通地理,['位置地图'],28829,0,1300,单个数据,0,0,1.6MB,xls,文本,2017.01-2017.10
11154,【绍兴市】商业设施商务服务门店位置数...,5,5,交通地理,['位置地图'],28483,0,1000,单个数据,0,0,162KB,xls,文本,2017.01-2017.10
11111,【台州市】公司企业位置数据,5,5,交通地理,['位置地图'],28687,0,1300,单个数据,0,0,1.0MB,xls,文本,2017.01-2017.10
11110,【绍兴市】公司企业位置数据,5,5,交通地理,['位置地图'],25055,0,1300,单个数据,0,0,1.3MB,xls,文本,2017.01-2017.10
11149,【嘉兴市】商业设施商务服务门店位置数...,5,5,交通地理,['位置地图'],24605,0,1200,单个数据,0,0,222KB,xls,文本,2017.01-2017.10
11129,【丽水市】批发零售门店位置数据,5,5,交通地理,['位置地图'],27505,0,1200,单个数据,0,0,858KB,xls,文本,2017.01-2017.10
11258,【舟山市】运动休闲门店位置数据,5,5,交通地理,['位置地图'],29763,0,1000,单个数据,0,0,80KB,xls,文本,2017.01-2017.10
11244,【绍兴市】卫生社保门店位置数据,5,5,交通地理,['位置地图'],29181,0,1200,单个数据,0,0,120KB,xls,文本,2017.01-2017.10
11237,【杭州市】卫生社保门店位置数据,5,5,交通地理,['位置地图'],29449,0,2000,单个数据,0,0,436KB,xls,文本,2017.01-2017.10
11198,【宁波市】金融保险门店位置数据,5,5,交通地理,['位置地图'],23867,0,1800,单个数据,0,0,563KB,xls,文本,2017.01-2017.10
11206,【嘉兴市】居民服务门店位置数据,5,5,交通地理,['位置地图'],27717,0,1000,单个数据,0,0,925KB,xls,文本,2017.01-2017.10
11190,【温州市】交通运输仓储位置数据,5,5,交通地理,['位置地图'],30597,0,1200,单个数据,0,0,557KB,xls,文本,2017.01-2017.10
11195,【嘉兴市】金融保险门店位置数据,5,5,交通地理,['位置地图'],26560,0,1200,单个数据,0,0,255KB,xls,文本,2017.01-2017.10
11667,蝴蝶结上衣商品图片,5,5,人工智能,['智能识别'],22928,0,150,单个数据,0,0,11.7MB,jpg,图片,2017.12-2018.01
11150,【金华市】商业设施商务服务门店位置数...,5,5,交通地理,['位置地图'],28500,0,1000,单个数据,0,0,278KB,xls,文本,2017.01-2017.10
11133,【台州市】批发零售门店位置数据,5,5,交通地理,['位置地图'],26894,0,1200,单个数据,0,0,2.3MB,xls,文本,2017.01-2017.10
11231,【宁波市】农林牧渔业位置数据,5,5,交通地理,['位置地图'],27448,0,1600,单个数据,0,0,7KB,xls,文本,2017.01-2017.10
11218,【金华市】科研及技术服务门店位置数据,5,5,交通地理,['位置地图'],31205,0,1000,单个数据,0,0,16KB,xls,文本,2017.01-2017.10
11217,【嘉兴市】科研及技术服务门店位置数据,5,5,交通地理,['位置地图'],26050,0,1200,单个数据,0,0,13KB,xls,文本,2017.01-2017.10
11211,【绍兴市】居民服务门店位置数据,5,5,交通地理,['位置地图'],21899,0,1200,单个数据,0,0,737KB,xls,文本,2017.01-2017.10
11200,【绍兴市】金融保险门店位置数据,5,5,交通地理,['位置地图'],28881,0,1200,单个数据,0,0,251KB,xls,文本,2017.01-2017.10
11204,【杭州市】居民服务门店位置数据,5,5,交通地理,['位置地图'],25434,0,1800,单个数据,0,0,2.4MB,xls,文本,2017.01-2017.10
11180,【舟山市】公共设施位置数据,5,5,交通地理,['位置地图'],23314,0,1000,单个数据,0,0,90KB,xls,文本,2017.01-2017.10
11128,【金华市】批发零售门店位置数据,5,5,交通地理,['位置地图'],22530,0,1200,单个数据,0,0,4.0MB,xls,文本,2017.01-2017.10
11243,【衢州市】卫生社保门店位置数据,5,5,交通地理,['位置地图'],30116,0,1000,单个数据,0,0,87KB,xls,文本,2017.01-2017.10
11240,【金华市】卫生社保门店位置数据,5,5,交通地理,['位置地图'],26390,0,1000,单个数据,0,0,261KB,xls,文本,2017.01-2017.10
11186,【宁波市】交通运输仓储位置数据,5,5,交通地理,['位置地图'],25190,0,1600,单个数据,0,0,689KB,xls,文本,2017.01-2017.10
11989,金融对话语料豪华版-6360轮,5,5,人工智能,['智能客服'],28682,0,12720,单个数据,0,0,582KB,xlsx,文本,2019.12-2019.12
11685,安徽省二手车企业数据8765条,5,5,企业管理,"['企业工商', '企业图谱']",23405,0,200,单个数据,0,0,1.6MB,.xlsx,文本,2018.02-2018.02
11257,【温州市】运动休闲门店位置数据,5,5,交通地理,['位置地图'],23341,0,1000,单个数据,0,0,382KB,xls,文本,2017.01-2017.10
11256,【台州市】运动休闲门店位置数据,5,5,交通地理,['位置地图'],30224,0,1000,单个数据,0,0,259KB,xls,文本,2017.01-2017.10
11252,【丽水市】运动休闲门店位置数据,5,5,交通地理,['位置地图'],25453,0,1000,单个数据,0,0,110KB,xls,文本,2017.01-2017.10
11247,【舟山市】卫生社保门店位置数据,5,5,交通地理,['位置地图'],25804,0,1000,单个数据,0,0,37KB,xls,文本,2017.01-2017.10
11238,【湖州市】卫生社保门店位置数据,5,5,交通地理,['位置地图'],30499,0,1200,单个数据,0,0,105KB,xls,文本,2017.01-2017.10
11241,【丽水市】卫生社保门店位置数据,5,5,交通地理,['位置地图'],30880,0,1000,单个数据,0,0,73KB,xls,文本,2017.01-2017.10
11219,【丽水市】科研及技术服务门店位置数据,5,5,交通地理,['位置地图'],30539,0,1000,单个数据,0,0,5KB,xls,文本,2017.01-2017.10
11221,【衢州市】科研及技术服务门店位置数据,5,5,交通地理,['位置地图'],22253,0,1000,单个数据,0,0,4KB,xls,文本,2017.01-2017.10
11216,【湖州市】科研及技术服务门店位置数据,5,5,交通地理,['位置地图'],25610,0,1200,单个数据,0,0,7KB,xls,文本,2017.01-2017.10
11209,【宁波市】居民服务门店位置数据,5,5,交通地理,['位置地图'],27676,0,1500,单个数据,0,0,1.5MB,xls,文本,2017.01-2017.10
11197,【丽水市】金融保险门店位置数据,5,5,交通地理,['位置地图'],28936,0,1000,单个数据,0,0,122KB,xls,文本,2017.01-2017.10
11193,【杭州市】金融保险门店位置数据,5,5,交通地理,['位置地图'],26397,0,1800,单个数据,0,0,639KB,xls,文本,2017.01-2017.10
11094,【嘉兴市】住宿门店位置数据,5,5,交通地理,['位置地图'],24649,0,1200,单个数据,0,0,427KB,xls,文本,2017.01-2017.10
11157,【舟山市】商业设施商务服务门店位置数...,5,5,交通地理,['位置地图'],28749,0,1000,单个数据,0,0,46KB,xls,文本,2017.01-2017.10
11156,【温州市】商业设施商务服务门店位置数...,5,5,交通地理,['位置地图'],29828,0,1000,单个数据,0,0,223KB,xls,文本,2017.01-2017.10
11254,【衢州市】运动休闲门店位置数据,5,5,交通地理,['位置地图'],22602,0,1000,单个数据,0,0,98KB,xls,文本,2017.01-2017.10
11234,【台州市】农林牧渔业位置数据,5,5,交通地理,['位置地图'],24561,0,1000,单个数据,0,0,5KB,xls,文本,2017.01-2017.10
11242,【宁波市】卫生社保门店位置数据,5,5,交通地理,['位置地图'],24153,0,2000,单个数据,0,0,270KB,xls,文本,2017.01-2017.10
11225,【舟山市】科研及技术服务门店位置数据,5,5,交通地理,['位置地图'],29590,0,1000,单个数据,0,0,4KB,xls,文本,2017.01-2017.10
11212,【台州市】居民服务门店位置数据,5,5,交通地理,['位置地图'],26960,0,1000,单个数据,0,0,716KB,xls,文本,2017.01-2017.10
11207,【金华市】居民服务门店位置数据,5,5,交通地理,['位置地图'],25772,0,1000,单个数据,0,0,1.2MB,xls,文本,2017.01-2017.10
11687,广东省二手车企业数据16174条,5,5,企业管理,"['企业工商', '企业图谱']",27863,0,400,单个数据,0,0,2.3MB,.xlsx,文本,2018.02-2018.02
11666,中袖上衣商品图片,5,5,人工智能,['智能识别'],21919,0,150,单个数据,0,0,12.2MB,jpg,图片,2017.10-2017.12
11109,【衢州市】公司企业位置数据,5,5,交通地理,['位置地图'],26245,0,1000,单个数据,0,0,386KB,xls,文本,2017.01-2017.10
11153,【衢州市】商业设施商务服务门店位置数...,5,5,交通地理,['位置地图'],21339,0,800,单个数据,0,0,73KB,xls,文本,2017.01-2017.10
11131,【衢州市】批发零售门店位置数据,5,5,交通地理,['位置地图'],30045,0,1200,单个数据,0,0,923KB,xls,文本,2017.01-2017.10
11236,【舟山市】农林牧渔业位置数据,5,5,交通地理,['位置地图'],28108,0,600,单个数据,0,0,1KB,xls,文本,2017.01-2017.10
11229,【金华市】农林牧渔业位置数据,5,5,交通地理,['位置地图'],23932,0,1000,单个数据,0,0,28KB,xls,文本,2017.01-2017.10
11223,【台州市】科研及技术服务门店位置数据,5,5,交通地理,['位置地图'],29388,0,1000,单个数据,0,0,11KB,xls,文本,2017.01-2017.10
11205,【湖州市】居民服务门店位置数据,5,5,交通地理,['位置地图'],30683,0,1000,单个数据,0,0,479KB,xls,文本,2017.01-2017.10
11191,【舟山市】交通运输仓储位置数据,5,5,交通地理,['位置地图'],28310,0,1000,单个数据,0,0,52KB,xls,文本,2017.01-2017.10
11189,【台州市】交通运输仓储位置数据,5,5,交通地理,['位置地图'],27721,0,1000,单个数据,0,0,347KB,xls,文本,2017.01-2017.10
11188,【绍兴市】交通运输仓储位置数据,5,5,交通地理,['位置地图'],24109,0,1200,单个数据,0,0,359KB,xls,文本,2017.01-2017.10
11194,【湖州市】金融保险门店位置数据,5,5,交通地理,['位置地图'],21731,0,1200,单个数据,0,0,146KB,xls,文本,2017.01-2017.10
11183,【嘉兴市】交通运输仓储位置数据,5,5,交通地理,['位置地图'],29579,0,1200,单个数据,0,0,620KB,xls,文本,2017.01-2017.10
11127,【嘉兴市】批发零售门店位置数据,5,5,交通地理,['位置地图'],30000,0,1300,单个数据,0,0,3.1MB,xls,文本,2017.01-2017.10
11179,【温州市】公共设施位置数据,5,5,交通地理,['位置地图'],24905,0,1200,单个数据,0,0,588KB,xls,文本,2017.01-2017.10
11992,金融对话语料体验版十轮-1000轮,5,5,人工智能,['智能客服'],31934,0,2000,单个数据,0,0,103KB,xlsx,文本,2019.12-2019.12
11991,金融对话语料10轮-2500轮,5,5,人工智能,['智能客服'],32150,0,5000,单个数据,0,0,296KB,xlsx,文本,2019.12-2019.12
11196,【金华市】金融保险门店位置数据,5,5,交通地理,['位置地图'],27107,0,1000,单个数据,0,0,340KB,xls,文本,2017.01-2017.10
11245,【台州市】卫生社保门店位置数据,5,5,交通地理,['位置地图'],28816,0,1000,单个数据,0,0,192KB,xls,文本,2017.01-2017.10
11222,【绍兴市】科研及技术服务门店位置数据,5,5,交通地理,['位置地图'],26891,0,1200,单个数据,0,0,12KB,xls,文本,2017.01-2017.10
11208,【丽水市】居民服务门店位置数据,5,5,交通地理,['位置地图'],22323,0,1000,单个数据,0,0,282KB,xls,文本,2017.01-2017.10
11210,【衢州市】居民服务门店位置数据,5,5,交通地理,['位置地图'],25408,0,1000,单个数据,0,0,300KB,xls,文本,2017.01-2017.10
11171,【湖州市】公共设施位置数据,5,5,交通地理,['位置地图'],28080,0,1000,单个数据,0,0,212KB,xls,文本,2017.01-2017.10
11986,金融对话语料10轮_2500轮,5,5,人工智能,['智能客服'],33727,0,5000,单个数据,0,0,226KB,.xlsx,文本,2019.01-2019.01
11706,国内县以上行政区划代码（2017年）,5,5,人工智能,[],25527,0,1.99,单个数据,0,0,68KB,xlsx,文本,2018.02-2018.02
11694,广西省二手车企业数据6916条,5,5,企业管理,"['企业工商', '企业图谱']",30805,0,120,单个数据,0,0,978KB,.xlsx,文本,2018.02-2018.02
11102,【舟山市】住宿门店位置数据,5,5,交通地理,['位置地图'],27022,0,1000,单个数据,0,0,152KB,xls,文本,2017.01-2017.10
11174,【丽水市】公共设施位置数据,5,5,交通地理,['位置地图'],22157,0,1000,单个数据,0,0,228KB,xls,文本,2017.01-2017.10
11172,【嘉兴市】公共设施位置数据,5,5,交通地理,['位置地图'],22932,0,1000,单个数据,0,0,297KB,xls,文本,2017.01-2017.10
11988,金融对话语料10轮―2500轮,5,5,人工智能,['智能客服'],33893,0,5000,单个数据,0,0,231KB,.xlsx,文本,2019.12-2019.12
11097,【宁波市】住宿门店位置数据,5,5,交通地理,['位置地图'],29517,0,2600,单个数据,0,0,723KB,xls,文本,2017.01-2017.10
11092,【杭州市】住宿门店位置数据,5,5,交通地理,['位置地图'],29567,0,2600,单个数据,0,0,1.2MB,xls,文本,2017.01-2017.10
11175,【宁波市】公共设施位置数据,5,5,交通地理,['位置地图'],30759,0,1500,单个数据,0,0,506KB,xls,文本,2017.01-2017.10
11693,贵州省二手车企业数据3910条,5,5,企业管理,"['企业工商', '企业图谱']",26457,0,70,单个数据,0,0,555KB,.xlsx,文本,2018.02-2018.02
11672,中文对法语翻译平行语料10万条,5,5,人工智能,['智能客服'],36382,0,4000,单个数据,0,0,13.1MB,.txt,文本,2018.01-2018.01
11704,国内餐饮承包商名录,5,5,金融科技,"['企业工商', '企业图谱']",32822,0,688,单个数据,0,0,1.1MB,xlsx,文本,2018.02-2018.02
11093,【湖州市】住宿门店位置数据,4,5,交通地理,['位置地图'],21888,0,1200,单个数据,0,0,243KB,xls,文本,2017.01-2017.10
11095,【金华市】住宿门店位置数据,5,5,交通地理,['位置地图'],26293,0,1000,单个数据,0,0,461KB,xls,文本,2017.01-2017.10
11844,全国律师事务所信息含港澳台数据,5,5,生活服务,[],29073,0,299,单个数据,0,0,2.2MB,xls,文本,-
11686,北京河北二手车企业数据3071条,5,5,企业管理,"['企业工商', '企业图谱']",24822,0,75,单个数据,0,0,460KB,.xlsx,文本,2018.02-2018.02
11711,16批次车辆生产企业及新车产品准入数...,5,5,数字营销,"['商品信息', '市场调研']",31419,0,200,单个数据,0,0,32.9MB,xlsx,文本,2015.11-2017.03
11970,指定客户定制专门服务02,5,5,交通地理,['位置地图'],22111,0,6500,单个数据,0,0,360KB,sql,文本,2018.10-2018.10
11099,【绍兴市】住宿门店位置数据,5,5,交通地理,['位置地图'],28097,0,1200,单个数据,0,0,333KB,xls,文本,2017.01-2017.10
11096,【丽水市】住宿门店位置数据,5,5,交通地理,['位置地图'],27979,0,1000,单个数据,0,0,150KB,xls,文本,2017.01-2017.10
11098,【衢州市】住宿门店位置数据,5,5,交通地理,['位置地图'],26370,0,1000,单个数据,0,0,150KB,xls,文本,2017.01-2017.10
11688,四川和重庆二手车企业数据5475条,5,5,企业管理,"['企业工商', '企业图谱']",30743,0,140,单个数据,0,0,807KB,.xlsx,文本,2018.02-2018.02
11689,山东省二手车企业数据15805条,5,5,企业管理,"['企业工商', '企业图谱']",32178,0,380,单个数据,0,0,2.2MB,.xlsx,文本,2018.02-2018.02
11692,甘肃省二手车企业数据4825条,5,5,企业管理,"['企业工商', '企业图谱']",28009,0,90,单个数据,0,0,680KB,.xlsx,文本,2018.02-2018.02
